{
  "project_info": {
    "project_number": "246876613163",
    "firebase_url": "https://geocamera-81f81.firebaseio.com",
    "project_id": "geocamera-81f81",
    "storage_bucket": "geocamera-81f81.appspot.com"
  },
  "client": [
    {
      "client_info": {
        "mobilesdk_app_id": "1:246876613163:android:30717c54a522cd36e7d86e",
        "android_client_info": {
          "package_name": "com.example.geocamera"
        }
      },
      "oauth_client": [
        {
          "client_id": "246876613163-njn8vobbjpanq00grp6ape4014q9of39.apps.googleusercontent.com",
          "client_type": 3
        }
      ],
      "api_key": [
        {
          "current_key": "AIzaSyDHlSw_b2F_JLP3_gAsk_lDNVq7wRP717c"
        }
      ],
      "services": {
        "appinvite_service": {
          "other_platform_oauth_client": [
            {
              "client_id": "246876613163-njn8vobbjpanq00grp6ape4014q9of39.apps.googleusercontent.com",
              "client_type": 3
            }
          ]
        }
      }
    }
  ],
  "configuration_version": "1"
}